"filename", "language", "Markdown", "JavaScript", "TypeScript JSX", "HTML", "PowerShell", "JSON", "TypeScript", "CSS", "Ignore", "SQL", "YAML", "comment", "blank", "total"
"h:\inde\JakSurveillance\.eslintrc.cjs", "JavaScript", 0, 26, 0, 0, 0, 0, 0, 0, 0, 0, 0, 0, 1, 27
"h:\inde\JakSurveillance\.github\workflows\deployextra.yml", "YAML", 0, 0, 0, 0, 0, 0, 0, 0, 0, 0, 53, 8, 9, 70
"h:\inde\JakSurveillance\.prettierrc", "JSON", 0, 0, 0, 0, 0, 10, 0, 0, 0, 0, 0, 0, 1, 11
"h:\inde\JakSurveillance\HowToStart.md", "Markdown", 16, 0, 0, 0, 0, 0, 0, 0, 0, 0, 0, 0, 10, 26
"h:\inde\JakSurveillance\Readme.md", "Markdown", 84, 0, 0, 0, 0, 0, 0, 0, 0, 0, 0, 0, 28, 112
"h:\inde\JakSurveillance\StudentCustomQrScanner.tsx", "TypeScript JSX", 0, 0, 65, 0, 0, 0, 0, 0, 0, 0, 0, 0, 9, 74
"h:\inde\JakSurveillance\backend\README.md", "Markdown", 18, 0, 0, 0, 0, 0, 0, 0, 0, 0, 0, 0, 16, 34
"h:\inde\JakSurveillance\backend\database\createusers.sql", "SQL", 0, 0, 0, 0, 0, 0, 0, 0, 0, 7, 0, 1, 2, 10
"h:\inde\JakSurveillance\backend\database\feedback.sql", "SQL", 0, 0, 0, 0, 0, 0, 0, 0, 0, 10, 0, 0, 0, 10
"h:\inde\JakSurveillance\backend\database\jaksec.sql", "SQL", 0, 0, 0, 0, 0, 0, 0, 0, 0, 190, 0, 35, 40, 265
"h:\inde\JakSurveillance\backend\ecosystem.config.cjs", "JavaScript", 0, 22, 0, 0, 0, 0, 0, 0, 0, 0, 0, 0, 1, 23
"h:\inde\JakSurveillance\backend\package.json", "JSON", 0, 0, 0, 0, 0, 80, 0, 0, 0, 0, 0, 0, 1, 81
"h:\inde\JakSurveillance\backend\src\config\createPool.ts", "TypeScript", 0, 0, 0, 0, 0, 0, 47, 0, 0, 0, 0, 25, 7, 79
"h:\inde\JakSurveillance\backend\src\controllers\admincontroller.ts", "TypeScript", 0, 0, 0, 0, 0, 0, 43, 0, 0, 0, 0, 46, 3, 92
"h:\inde\JakSurveillance\backend\src\controllers\attendancecontroller.ts", "TypeScript", 0, 0, 0, 0, 0, 0, 188, 0, 0, 0, 0, 92, 22, 302
"h:\inde\JakSurveillance\backend\src\controllers\coursecontroller.ts", "TypeScript", 0, 0, 0, 0, 0, 0, 349, 0, 0, 0, 0, 87, 31, 467
"h:\inde\JakSurveillance\backend\src\controllers\lecturecontroller.ts", "TypeScript", 0, 0, 0, 0, 0, 0, 101, 0, 0, 0, 0, 42, 17, 160
"h:\inde\JakSurveillance\backend\src\controllers\topicgroupcontroller.ts", "TypeScript", 0, 0, 0, 0, 0, 0, 166, 0, 0, 0, 0, 48, 10, 224
"h:\inde\JakSurveillance\backend\src\jaksecfileserver.ts", "TypeScript", 0, 0, 0, 0, 0, 0, 14, 0, 0, 0, 0, 34, 8, 56
"h:\inde\JakSurveillance\backend\src\jaksecserver.ts", "TypeScript", 0, 0, 0, 0, 0, 0, 50, 0, 0, 0, 0, 69, 16, 135
"h:\inde\JakSurveillance\backend\src\models\attendancemodel.ts", "TypeScript", 0, 0, 0, 0, 0, 0, 232, 0, 0, 0, 0, 79, 26, 337
"h:\inde\JakSurveillance\backend\src\models\courseinstructormodel.ts", "TypeScript", 0, 0, 0, 0, 0, 0, 15, 0, 0, 0, 0, 7, 4, 26
"h:\inde\JakSurveillance\backend\src\models\coursemodel.ts", "TypeScript", 0, 0, 0, 0, 0, 0, 457, 0, 0, 0, 0, 234, 24, 715
"h:\inde\JakSurveillance\backend\src\models\coursetopicmodel.ts", "TypeScript", 0, 0, 0, 0, 0, 0, 24, 0, 0, 0, 0, 12, 5, 41
"h:\inde\JakSurveillance\backend\src\models\lecturemodel.ts", "TypeScript", 0, 0, 0, 0, 0, 0, 307, 0, 0, 0, 0, 181, 18, 506
"h:\inde\JakSurveillance\backend\src\models\rolemodel.ts", "TypeScript", 0, 0, 0, 0, 0, 0, 61, 0, 0, 0, 0, 45, 9, 115
"h:\inde\JakSurveillance\backend\src\models\serversettingsmodel.ts", "TypeScript", 0, 0, 0, 0, 0, 0, 43, 0, 0, 0, 0, 20, 3, 66
"h:\inde\JakSurveillance\backend\src\models\studentgroupmodel.ts", "TypeScript", 0, 0, 0, 0, 0, 0, 64, 0, 0, 0, 0, 44, 11, 119
"h:\inde\JakSurveillance\backend\src\models\topicgroupmodel.ts", "TypeScript", 0, 0, 0, 0, 0, 0, 108, 0, 0, 0, 0, 66, 15, 189
"h:\inde\JakSurveillance\backend\src\models\topicingroupmodel.ts", "TypeScript", 0, 0, 0, 0, 0, 0, 24, 0, 0, 0, 0, 21, 5, 50
"h:\inde\JakSurveillance\backend\src\models\topicmodel.ts", "TypeScript", 0, 0, 0, 0, 0, 0, 124, 0, 0, 0, 0, 69, 7, 200
"h:\inde\JakSurveillance\backend\src\models\usercourse_topicsmodel.ts", "TypeScript", 0, 0, 0, 0, 0, 0, 61, 0, 0, 0, 0, 27, 10, 98
"h:\inde\JakSurveillance\backend\src\models\usercoursemodel.ts", "TypeScript", 0, 0, 0, 0, 0, 0, 79, 0, 0, 0, 0, 45, 6, 130
"h:\inde\JakSurveillance\backend\src\models\userfeedbackmodel.ts", "TypeScript", 0, 0, 0, 0, 0, 0, 39, 0, 0, 0, 0, 20, 6, 65
"h:\inde\JakSurveillance\backend\src\models\usermodel.ts", "TypeScript", 0, 0, 0, 0, 0, 0, 442, 0, 0, 0, 0, 145, 35, 622
"h:\inde\JakSurveillance\backend\src\routes\adminroutes.ts", "TypeScript", 0, 0, 0, 0, 0, 0, 587, 0, 0, 0, 0, 93, 21, 701
"h:\inde\JakSurveillance\backend\src\routes\course\attendanceRoutes.ts", "TypeScript", 0, 0, 0, 0, 0, 0, 410, 0, 0, 0, 0, 123, 16, 549
"h:\inde\JakSurveillance\backend\src\routes\course\topicRoutes.ts", "TypeScript", 0, 0, 0, 0, 0, 0, 178, 0, 0, 0, 0, 39, 11, 228
"h:\inde\JakSurveillance\backend\src\routes\courseroutes.ts", "TypeScript", 0, 0, 0, 0, 0, 0, 593, 0, 0, 0, 0, 141, 30, 764
"h:\inde\JakSurveillance\backend\src\routes\secureroutes.ts", "TypeScript", 0, 0, 0, 0, 0, 0, 190, 0, 0, 0, 0, 32, 6, 228
"h:\inde\JakSurveillance\backend\src\routes\userroutes.ts", "TypeScript", 0, 0, 0, 0, 0, 0, 213, 0, 0, 0, 0, 28, 10, 251
"h:\inde\JakSurveillance\backend\src\sockets\socketHandlers.ts", "TypeScript", 0, 0, 0, 0, 0, 0, 486, 0, 0, 0, 0, 126, 36, 648
"h:\inde\JakSurveillance\backend\src\tests\checkRole.test.ts", "TypeScript", 0, 0, 0, 0, 0, 0, 43, 0, 0, 0, 0, 2, 6, 51
"h:\inde\JakSurveillance\backend\src\types.ts", "TypeScript", 0, 0, 0, 0, 0, 0, 86, 0, 0, 0, 0, 117, 8, 211
"h:\inde\JakSurveillance\backend\src\utils\auth.ts", "TypeScript", 0, 0, 0, 0, 0, 0, 58, 0, 0, 0, 0, 8, 1, 67
"h:\inde\JakSurveillance\backend\src\utils\checkRole.ts", "TypeScript", 0, 0, 0, 0, 0, 0, 10, 0, 0, 0, 0, 6, 2, 18
"h:\inde\JakSurveillance\backend\src\utils\doFetch.ts", "TypeScript", 0, 0, 0, 0, 0, 0, 34, 0, 0, 0, 0, 16, 7, 57
"h:\inde\JakSurveillance\backend\src\utils\errors.ts", "TypeScript", 0, 0, 0, 0, 0, 0, 13, 0, 0, 0, 0, 16, 4, 33
"h:\inde\JakSurveillance\backend\src\utils\getToken.ts", "TypeScript", 0, 0, 0, 0, 0, 0, 23, 0, 0, 0, 0, 4, 3, 30
"h:\inde\JakSurveillance\backend\src\utils\logger.ts", "TypeScript", 0, 0, 0, 0, 0, 0, 13, 0, 0, 0, 0, 22, 8, 43
"h:\inde\JakSurveillance\backend\src\utils\opendata.ts", "TypeScript", 0, 0, 0, 0, 0, 0, 39, 0, 0, 0, 0, 16, 4, 59
"h:\inde\JakSurveillance\backend\src\utils\pass.ts", "TypeScript", 0, 0, 0, 0, 0, 0, 35, 0, 0, 0, 0, 18, 6, 59
"h:\inde\JakSurveillance\backend\src\utils\readLogFile.ts", "TypeScript", 0, 0, 0, 0, 0, 0, 33, 0, 0, 0, 0, 19, 2, 54
"h:\inde\JakSurveillance\backend\src\utils\settingFetcher.ts", "TypeScript", 0, 0, 0, 0, 0, 0, 22, 0, 0, 0, 0, 0, 2, 24
"h:\inde\JakSurveillance\backend\src\utils\validate.ts", "TypeScript", 0, 0, 0, 0, 0, 0, 10, 0, 0, 0, 0, 7, 2, 19
"h:\inde\JakSurveillance\backend\tsconfig.json", "JSON", 0, 0, 0, 0, 0, 20, 0, 0, 0, 0, 0, 0, 1, 21
"h:\inde\JakSurveillance\backend\typedoc.json", "JSON", 0, 0, 0, 0, 0, 14, 0, 0, 0, 0, 0, 0, 1, 15
"h:\inde\JakSurveillance\console.ps1", "PowerShell", 0, 0, 0, 0, 25, 0, 0, 0, 0, 0, 0, 9, 8, 42
"h:\inde\JakSurveillance\frontend\README.md", "Markdown", 16, 0, 0, 0, 0, 0, 0, 0, 0, 0, 0, 0, 10, 26
"h:\inde\JakSurveillance\frontend\build-date.cjs", "JavaScript", 0, 25, 0, 0, 0, 0, 0, 0, 0, 0, 0, 4, 6, 35
"h:\inde\JakSurveillance\frontend\index.html", "HTML", 0, 0, 0, 37, 0, 0, 0, 0, 0, 0, 0, 0, 3, 40
"h:\inde\JakSurveillance\frontend\package.json", "JSON", 0, 0, 0, 0, 0, 71, 0, 0, 0, 0, 0, 0, 1, 72
"h:\inde\JakSurveillance\frontend\postcss.config.js", "JavaScript", 0, 6, 0, 0, 0, 0, 0, 0, 0, 0, 0, 0, 1, 7
"h:\inde\JakSurveillance\frontend\src\App.tsx", "TypeScript JSX", 0, 0, 32, 0, 0, 0, 0, 0, 0, 0, 0, 6, 5, 43
"h:\inde\JakSurveillance\frontend\src\components\Logo.tsx", "TypeScript JSX", 0, 0, 19, 0, 0, 0, 0, 0, 0, 0, 0, 9, 3, 31
"h:\inde\JakSurveillance\frontend\src\components\main\ErrorAlert.tsx", "TypeScript JSX", 0, 0, 43, 0, 0, 0, 0, 0, 0, 0, 0, 16, 4, 63
"h:\inde\JakSurveillance\frontend\src\components\main\MovingLogo.tsx", "TypeScript JSX", 0, 0, 9, 0, 0, 0, 0, 0, 0, 0, 0, 0, 3, 12
"h:\inde\JakSurveillance\frontend\src\components\main\NewStudentUser.tsx", "TypeScript JSX", 0, 0, 245, 0, 0, 0, 0, 0, 0, 0, 0, 5, 26, 276
"h:\inde\JakSurveillance\frontend\src\components\main\ServerStatus.tsx", "TypeScript JSX", 0, 0, 73, 0, 0, 0, 0, 0, 0, 0, 0, 33, 6, 112
"h:\inde\JakSurveillance\frontend\src\components\main\SuccessAlert.tsx", "TypeScript JSX", 0, 0, 30, 0, 0, 0, 0, 0, 0, 0, 0, 16, 2, 48
"h:\inde\JakSurveillance\frontend\src\components\main\admin\AdminLogsTable.tsx", "TypeScript JSX", 0, 0, 87, 0, 0, 0, 0, 0, 0, 0, 0, 0, 4, 91
"h:\inde\JakSurveillance\frontend\src\components\main\admin\EditUserView.tsx", "TypeScript JSX", 0, 0, 289, 0, 0, 0, 0, 0, 0, 0, 0, 35, 24, 348
"h:\inde\JakSurveillance\frontend\src\components\main\admin\LecturesByDayChart.tsx", "TypeScript JSX", 0, 0, 78, 0, 0, 0, 0, 0, 0, 0, 0, 0, 7, 85
"h:\inde\JakSurveillance\frontend\src\components\main\background\BackgroundContainer.tsx", "TypeScript JSX", 0, 0, 38, 0, 0, 0, 0, 0, 0, 0, 0, 9, 5, 52
"h:\inde\JakSurveillance\frontend\src\components\main\buttons\GeneralLinkButton.tsx", "TypeScript JSX", 0, 0, 18, 0, 0, 0, 0, 0, 0, 0, 0, 6, 2, 26
"h:\inde\JakSurveillance\frontend\src\components\main\buttons\NavigationButton.tsx", "TypeScript JSX", 0, 0, 22, 0, 0, 0, 0, 0, 0, 0, 0, 7, 4, 33
"h:\inde\JakSurveillance\frontend\src\components\main\buttons\StartViewButton.tsx", "TypeScript JSX", 0, 0, 14, 0, 0, 0, 0, 0, 0, 0, 0, 3, 3, 20
"h:\inde\JakSurveillance\frontend\src\components\main\buttons\StepButton.tsx", "TypeScript JSX", 0, 0, 27, 0, 0, 0, 0, 0, 0, 0, 0, 7, 2, 36
"h:\inde\JakSurveillance\frontend\src\components\main\cards\Card.tsx", "TypeScript JSX", 0, 0, 29, 0, 0, 0, 0, 0, 0, 0, 0, 9, 3, 41
"h:\inde\JakSurveillance\frontend\src\components\main\cards\FeedbackCard.tsx", "TypeScript JSX", 0, 0, 15, 0, 0, 0, 0, 0, 0, 0, 0, 0, 4, 19
"h:\inde\JakSurveillance\frontend\src\components\main\course\CourseData.tsx", "TypeScript JSX", 0, 0, 196, 0, 0, 0, 0, 0, 0, 0, 0, 27, 14, 237
"h:\inde\JakSurveillance\frontend\src\components\main\course\CreateCourseCustom.tsx", "TypeScript JSX", 0, 0, 178, 0, 0, 0, 0, 0, 0, 0, 0, 60, 7, 245
"h:\inde\JakSurveillance\frontend\src\components\main\course\CreateCourseEasy.tsx", "TypeScript JSX", 0, 0, 293, 0, 0, 0, 0, 0, 0, 0, 0, 21, 20, 334
"h:\inde\JakSurveillance\frontend\src\components\main\course\StudentCourseGrid.tsx", "TypeScript JSX", 0, 0, 390, 0, 0, 0, 0, 0, 0, 0, 0, 37, 17, 444
"h:\inde\JakSurveillance\frontend\src\components\main\course\attendance\AttendanceStatsTable.tsx", "TypeScript JSX", 0, 0, 208, 0, 0, 0, 0, 0, 0, 0, 0, 25, 12, 245
"h:\inde\JakSurveillance\frontend\src\components\main\course\attendance\AttendanceTable.tsx", "TypeScript JSX", 0, 0, 164, 0, 0, 0, 0, 0, 0, 0, 0, 19, 11, 194
"h:\inde\JakSurveillance\frontend\src\components\main\course\attendance\Attendees.tsx", "TypeScript JSX", 0, 0, 51, 0, 0, 0, 0, 0, 0, 0, 0, 9, 3, 63
"h:\inde\JakSurveillance\frontend\src\components\main\course\attendance\CheckOpenLectures.tsx", "TypeScript JSX", 0, 0, 47, 0, 0, 0, 0, 0, 0, 0, 0, 0, 7, 54
"h:\inde\JakSurveillance\frontend\src\components\main\course\attendance\CourseStudents.tsx", "TypeScript JSX", 0, 0, 189, 0, 0, 0, 0, 0, 0, 0, 0, 49, 19, 257
"h:\inde\JakSurveillance\frontend\src\components\main\course\createcourse\AddTeachers.tsx", "TypeScript JSX", 0, 0, 85, 0, 0, 0, 0, 0, 0, 0, 0, 14, 10, 109
"h:\inde\JakSurveillance\frontend\src\components\main\course\createcourse\CourseDetails.tsx", "TypeScript JSX", 0, 0, 117, 0, 0, 0, 0, 0, 0, 0, 0, 12, 8, 137
"h:\inde\JakSurveillance\frontend\src\components\main\course\createcourse\CreateCourseProgress.tsx", "TypeScript JSX", 0, 0, 37, 0, 0, 0, 0, 0, 0, 0, 0, 11, 3, 51
"h:\inde\JakSurveillance\frontend\src\components\main\course\createcourse\StepButtons.tsx", "TypeScript JSX", 0, 0, 43, 0, 0, 0, 0, 0, 0, 0, 0, 12, 2, 57
"h:\inde\JakSurveillance\frontend\src\components\main\course\createcourse\StudentList.tsx", "TypeScript JSX", 0, 0, 224, 0, 0, 0, 0, 0, 0, 0, 0, 16, 6, 246
"h:\inde\JakSurveillance\frontend\src\components\main\course\createcourse\TopicsGroupAndTopics.tsx", "TypeScript JSX", 0, 0, 359, 0, 0, 0, 0, 0, 0, 0, 0, 44, 15, 418
"h:\inde\JakSurveillance\frontend\src\components\main\course\createcourse\coursedetails\InputField.tsx", "TypeScript JSX", 0, 0, 38, 0, 0, 0, 0, 0, 0, 0, 0, 9, 2, 49
"h:\inde\JakSurveillance\frontend\src\components\main\dropdown\VideoDropdown.tsx", "TypeScript JSX", 0, 0, 52, 0, 0, 0, 0, 0, 0, 0, 0, 15, 4, 71
"h:\inde\JakSurveillance\frontend\src\components\main\modals\AttendanceInstructions.tsx", "TypeScript JSX", 0, 0, 66, 0, 0, 0, 0, 0, 0, 0, 0, 0, 5, 71
"h:\inde\JakSurveillance\frontend\src\components\main\modals\ConfirmDialog.tsx", "TypeScript JSX", 0, 0, 61, 0, 0, 0, 0, 0, 0, 0, 0, 0, 6, 67
"h:\inde\JakSurveillance\frontend\src\components\main\modals\DeleteLectureModal.tsx", "TypeScript JSX", 0, 0, 96, 0, 0, 0, 0, 0, 0, 0, 0, 17, 5, 118
"h:\inde\JakSurveillance\frontend\src\components\main\modals\DeleteModal.tsx", "TypeScript JSX", 0, 0, 60, 0, 0, 0, 0, 0, 0, 0, 0, 15, 3, 78
"h:\inde\JakSurveillance\frontend\src\components\main\modals\EditTopicsModal.tsx", "TypeScript JSX", 0, 0, 120, 0, 0, 0, 0, 0, 0, 0, 0, 16, 3, 139
"h:\inde\JakSurveillance\frontend\src\components\main\modals\WelcomeModal.tsx", "TypeScript JSX", 0, 0, 34, 0, 0, 0, 0, 0, 0, 0, 0, 11, 5, 50
"h:\inde\JakSurveillance\frontend\src\components\main\newUser\CourseSelect.tsx", "TypeScript JSX", 0, 0, 41, 0, 0, 0, 0, 0, 0, 0, 0, 1, 5, 47
"h:\inde\JakSurveillance\frontend\src\components\main\newUser\FormInput.tsx", "TypeScript JSX", 0, 0, 24, 0, 0, 0, 0, 0, 0, 0, 0, 0, 4, 28
"h:\inde\JakSurveillance\frontend\src\components\main\newUser\StudentGroupSelect.tsx", "TypeScript JSX", 0, 0, 36, 0, 0, 0, 0, 0, 0, 0, 0, 1, 3, 40
"h:\inde\JakSurveillance\frontend\src\components\main\newUser\SubmitButton.tsx", "TypeScript JSX", 0, 0, 18, 0, 0, 0, 0, 0, 0, 0, 0, 0, 4, 22
"h:\inde\JakSurveillance\frontend\src\components\main\titles\MainViewTitle.tsx", "TypeScript JSX", 0, 0, 12, 0, 0, 0, 0, 0, 0, 0, 0, 13, 4, 29
"h:\inde\JakSurveillance\frontend\src\components\profiles\ProfileInfo.tsx", "TypeScript JSX", 0, 0, 130, 0, 0, 0, 0, 0, 0, 0, 0, 27, 10, 167
"h:\inde\JakSurveillance\frontend\src\contexts\UserContext.tsx", "TypeScript JSX", 0, 0, 41, 0, 0, 0, 0, 0, 0, 0, 0, 25, 3, 69
"h:\inde\JakSurveillance\frontend\src\css\index.css", "CSS", 0, 0, 0, 0, 0, 0, 0, 29, 0, 0, 0, 0, 5, 34
"h:\inde\JakSurveillance\frontend\src\css\logo.css", "CSS", 0, 0, 0, 0, 0, 0, 0, 67, 0, 0, 0, 0, 11, 78
"h:\inde\JakSurveillance\frontend\src\hooks\ApiHooks.ts", "TypeScript", 0, 0, 0, 0, 0, 0, 1006, 0, 0, 0, 0, 13, 51, 1070
"h:\inde\JakSurveillance\frontend\src\hooks\courseHooks.ts", "TypeScript", 0, 0, 0, 0, 0, 0, 36, 0, 0, 0, 0, 15, 3, 54
"h:\inde\JakSurveillance\frontend\src\main.tsx", "TypeScript JSX", 0, 0, 9, 0, 0, 0, 0, 0, 0, 0, 0, 7, 2, 18
"h:\inde\JakSurveillance\frontend\src\routes\AdminRoutes.tsx", "TypeScript JSX", 0, 0, 30, 0, 0, 0, 0, 0, 0, 0, 0, 9, 2, 41
"h:\inde\JakSurveillance\frontend\src\routes\AllRoutes.tsx", "TypeScript JSX", 0, 0, 36, 0, 0, 0, 0, 0, 0, 0, 0, 1, 6, 43
"h:\inde\JakSurveillance\frontend\src\routes\CounselorRoutes.tsx", "TypeScript JSX", 0, 0, 26, 0, 0, 0, 0, 0, 0, 0, 0, 9, 3, 38
"h:\inde\JakSurveillance\frontend\src\routes\StudentRoutes.tsx", "TypeScript JSX", 0, 0, 31, 0, 0, 0, 0, 0, 0, 0, 0, 9, 4, 44
"h:\inde\JakSurveillance\frontend\src\routes\TeacherRoutes.tsx", "TypeScript JSX", 0, 0, 30, 0, 0, 0, 0, 0, 0, 0, 0, 9, 5, 44
"h:\inde\JakSurveillance\frontend\src\routes\admin\AdminCourseRoutes.tsx", "TypeScript JSX", 0, 0, 17, 0, 0, 0, 0, 0, 0, 0, 0, 9, 2, 28
"h:\inde\JakSurveillance\frontend\src\routes\admin\AdminLectureRoutes.tsx", "TypeScript JSX", 0, 0, 15, 0, 0, 0, 0, 0, 0, 0, 0, 0, 3, 18
"h:\inde\JakSurveillance\frontend\src\routes\admin\AdminSettingsRoutes.tsx", "TypeScript JSX", 0, 0, 13, 0, 0, 0, 0, 0, 0, 0, 0, 9, 2, 24
"h:\inde\JakSurveillance\frontend\src\routes\admin\AdminUserRoutes.tsx", "TypeScript JSX", 0, 0, 15, 0, 0, 0, 0, 0, 0, 0, 0, 9, 2, 26
"h:\inde\JakSurveillance\frontend\src\routes\counselor\CounselorStudentRoutes.tsx", "TypeScript JSX", 0, 0, 22, 0, 0, 0, 0, 0, 0, 0, 0, 9, 2, 33
"h:\inde\JakSurveillance\frontend\src\routes\teacher\TeacherAttendanceRoutes.tsx", "TypeScript JSX", 0, 0, 17, 0, 0, 0, 0, 0, 0, 0, 0, 9, 2, 28
"h:\inde\JakSurveillance\frontend\src\routes\teacher\TeacherCoursesRoutes.tsx", "TypeScript JSX", 0, 0, 23, 0, 0, 0, 0, 0, 0, 0, 0, 9, 2, 34
"h:\inde\JakSurveillance\frontend\src\routes\teacher\TeacherStudentsRoutes.tsx", "TypeScript JSX", 0, 0, 22, 0, 0, 0, 0, 0, 0, 0, 0, 10, 2, 34
"h:\inde\JakSurveillance\frontend\src\routes\teacher\create\TeacherCreateCourseRoutes.tsx", "TypeScript JSX", 0, 0, 17, 0, 0, 0, 0, 0, 0, 0, 0, 9, 2, 28
"h:\inde\JakSurveillance\frontend\src\utils\exportData.tsx", "TypeScript JSX", 0, 0, 232, 0, 0, 0, 0, 0, 0, 0, 0, 57, 21, 310
"h:\inde\JakSurveillance\frontend\src\views\Footer.tsx", "TypeScript JSX", 0, 0, 34, 0, 0, 0, 0, 0, 0, 0, 0, 19, 8, 61
"h:\inde\JakSurveillance\frontend\src\views\Header.tsx", "TypeScript JSX", 0, 0, 75, 0, 0, 0, 0, 0, 0, 0, 0, 22, 13, 110
"h:\inde\JakSurveillance\frontend\src\views\Logout.tsx", "TypeScript JSX", 0, 0, 26, 0, 0, 0, 0, 0, 0, 0, 0, 35, 10, 71
"h:\inde\JakSurveillance\frontend\src\views\main\Feedback.tsx", "TypeScript JSX", 0, 0, 111, 0, 0, 0, 0, 0, 0, 0, 0, 1, 5, 117
"h:\inde\JakSurveillance\frontend\src\views\main\Gdpr.tsx", "TypeScript JSX", 0, 0, 172, 0, 0, 0, 0, 0, 0, 0, 0, 17, 4, 193
"h:\inde\JakSurveillance\frontend\src\views\main\Login.tsx", "TypeScript JSX", 0, 0, 114, 0, 0, 0, 0, 0, 0, 0, 0, 16, 6, 136
"h:\inde\JakSurveillance\frontend\src\views\main\StartView.tsx", "TypeScript JSX", 0, 0, 16, 0, 0, 0, 0, 0, 0, 0, 0, 8, 3, 27
"h:\inde\JakSurveillance\frontend\src\views\main\Team.tsx", "TypeScript JSX", 0, 0, 15, 0, 0, 0, 0, 0, 0, 0, 0, 0, 3, 18
"h:\inde\JakSurveillance\frontend\src\views\main\admin\AdminCourses.tsx", "TypeScript JSX", 0, 0, 149, 0, 0, 0, 0, 0, 0, 0, 0, 25, 9, 183
"h:\inde\JakSurveillance\frontend\src\views\main\admin\AdminDashboard.tsx", "TypeScript JSX", 0, 0, 93, 0, 0, 0, 0, 0, 0, 0, 0, 0, 6, 99
"h:\inde\JakSurveillance\frontend\src\views\main\admin\AdminErrorLogs.tsx", "TypeScript JSX", 0, 0, 70, 0, 0, 0, 0, 0, 0, 0, 0, 3, 11, 84
"h:\inde\JakSurveillance\frontend\src\views\main\admin\AdminFeedback.tsx", "TypeScript JSX", 0, 0, 178, 0, 0, 0, 0, 0, 0, 0, 0, 0, 4, 182
"h:\inde\JakSurveillance\frontend\src\views\main\admin\AdminGuide.tsx", "TypeScript JSX", 0, 0, 35, 0, 0, 0, 0, 0, 0, 0, 0, 0, 3, 38
"h:\inde\JakSurveillance\frontend\src\views\main\admin\AdminLectures.tsx", "TypeScript JSX", 0, 0, 400, 0, 0, 0, 0, 0, 0, 0, 0, 7, 21, 428
"h:\inde\JakSurveillance\frontend\src\views\main\admin\AdminLogs.tsx", "TypeScript JSX", 0, 0, 68, 0, 0, 0, 0, 0, 0, 0, 0, 3, 11, 82
"h:\inde\JakSurveillance\frontend\src\views\main\admin\AdminMainView.tsx", "TypeScript JSX", 0, 0, 55, 0, 0, 0, 0, 0, 0, 0, 0, 8, 3, 66
"h:\inde\JakSurveillance\frontend\src\views\main\admin\AdminNewUser.tsx", "TypeScript JSX", 0, 0, 256, 0, 0, 0, 0, 0, 0, 0, 0, 9, 24, 289
"h:\inde\JakSurveillance\frontend\src\views\main\admin\AdminProfile.tsx", "TypeScript JSX", 0, 0, 18, 0, 0, 0, 0, 0, 0, 0, 0, 19, 3, 40
"h:\inde\JakSurveillance\frontend\src\views\main\admin\AdminSettings.tsx", "TypeScript JSX", 0, 0, 169, 0, 0, 0, 0, 0, 0, 0, 0, 8, 9, 186
"h:\inde\JakSurveillance\frontend\src\views\main\admin\AdminStats.tsx", "TypeScript JSX", 0, 0, 213, 0, 0, 0, 0, 0, 0, 0, 0, 1, 20, 234
"h:\inde\JakSurveillance\frontend\src\views\main\admin\AdminUsers.tsx", "TypeScript JSX", 0, 0, 134, 0, 0, 0, 0, 0, 0, 0, 0, 13, 6, 153
"h:\inde\JakSurveillance\frontend\src\views\main\admin\Courses\AdminCourseDetail.tsx", "TypeScript JSX", 0, 0, 166, 0, 0, 0, 0, 0, 0, 0, 0, 20, 17, 203
"h:\inde\JakSurveillance\frontend\src\views\main\admin\Courses\AdminCourseModify.tsx", "TypeScript JSX", 0, 0, 208, 0, 0, 0, 0, 0, 0, 0, 0, 14, 12, 234
"h:\inde\JakSurveillance\frontend\src\views\main\admin\Lectures\AdminLectureDetail.tsx", "TypeScript JSX", 0, 0, 188, 0, 0, 0, 0, 0, 0, 0, 0, 2, 8, 198
"h:\inde\JakSurveillance\frontend\src\views\main\admin\Users\AdminUserModify.tsx", "TypeScript JSX", 0, 0, 57, 0, 0, 0, 0, 0, 0, 0, 0, 64, 5, 126
"h:\inde\JakSurveillance\frontend\src\views\main\counselor\CounselorCourseStats.tsx", "TypeScript JSX", 0, 0, 6, 0, 0, 0, 0, 0, 0, 0, 0, 0, 2, 8
"h:\inde\JakSurveillance\frontend\src\views\main\counselor\CounselorHelpVideos.tsx", "TypeScript JSX", 0, 0, 34, 0, 0, 0, 0, 0, 0, 0, 0, 47, 4, 85
"h:\inde\JakSurveillance\frontend\src\views\main\counselor\CounselorMainView.tsx", "TypeScript JSX", 0, 0, 35, 0, 0, 0, 0, 0, 0, 0, 0, 8, 3, 46
"h:\inde\JakSurveillance\frontend\src\views\main\counselor\CounselorProfile.tsx", "TypeScript JSX", 0, 0, 20, 0, 0, 0, 0, 0, 0, 0, 0, 23, 3, 46
"h:\inde\JakSurveillance\frontend\src\views\main\counselor\students\CounselorLateEnrollment.tsx", "TypeScript JSX", 0, 0, 10, 0, 0, 0, 0, 0, 0, 0, 0, 0, 3, 13
"h:\inde\JakSurveillance\frontend\src\views\main\counselor\students\CounselorStudentAttendances.tsx", "TypeScript JSX", 0, 0, 6, 0, 0, 0, 0, 0, 0, 0, 0, 0, 2, 8
"h:\inde\JakSurveillance\frontend\src\views\main\counselor\students\CounselorStudentDetail.tsx", "TypeScript JSX", 0, 0, 6, 0, 0, 0, 0, 0, 0, 0, 0, 0, 2, 8
"h:\inde\JakSurveillance\frontend\src\views\main\counselor\students\CounselorStudentModify.tsx", "TypeScript JSX", 0, 0, 57, 0, 0, 0, 0, 0, 0, 0, 0, 64, 5, 126
"h:\inde\JakSurveillance\frontend\src\views\main\counselor\students\CounselorStudentsView.tsx", "TypeScript JSX", 0, 0, 6, 0, 0, 0, 0, 0, 0, 0, 0, 0, 2, 8
"h:\inde\JakSurveillance\frontend\src\views\main\student\StudentCourseAttendance.tsx", "TypeScript JSX", 0, 0, 159, 0, 0, 0, 0, 0, 0, 0, 0, 46, 19, 224
"h:\inde\JakSurveillance\frontend\src\views\main\student\StudentCourses.tsx", "TypeScript JSX", 0, 0, 62, 0, 0, 0, 0, 0, 0, 0, 0, 35, 9, 106
"h:\inde\JakSurveillance\frontend\src\views\main\student\StudentHelpVideos.tsx", "TypeScript JSX", 0, 0, 21, 0, 0, 0, 0, 0, 0, 0, 0, 5, 2, 28
"h:\inde\JakSurveillance\frontend\src\views\main\student\StudentMainView.tsx", "TypeScript JSX", 0, 0, 40, 0, 0, 0, 0, 0, 0, 0, 0, 15, 3, 58
"h:\inde\JakSurveillance\frontend\src\views\main\student\StudentProfile.tsx", "TypeScript JSX", 0, 0, 30, 0, 0, 0, 0, 0, 0, 0, 0, 15, 5, 50
"h:\inde\JakSurveillance\frontend\src\views\main\student\StudentQrScanner.tsx", "TypeScript JSX", 0, 0, 125, 0, 0, 0, 0, 0, 0, 0, 0, 16, 10, 151
"h:\inde\JakSurveillance\frontend\src\views\main\student\StudentQrSelectScanner.tsx", "TypeScript JSX", 0, 0, 165, 0, 0, 0, 0, 0, 0, 0, 0, 16, 12, 193
"h:\inde\JakSurveillance\frontend\src\views\main\teacher\Attendance\TeacherAttendanceRoom.tsx", "TypeScript JSX", 0, 0, 363, 0, 0, 0, 0, 0, 0, 0, 0, 74, 24, 461
"h:\inde\JakSurveillance\frontend\src\views\main\teacher\Attendance\TeacherAttendanceRoomReload.tsx", "TypeScript JSX", 0, 0, 11, 0, 0, 0, 0, 0, 0, 0, 0, 16, 6, 33
"h:\inde\JakSurveillance\frontend\src\views\main\teacher\Attendance\TeacherCreateLecture.tsx", "TypeScript JSX", 0, 0, 497, 0, 0, 0, 0, 0, 0, 0, 0, 39, 38, 574
"h:\inde\JakSurveillance\frontend\src\views\main\teacher\Courses\TeacherCourseAttendances.tsx", "TypeScript JSX", 0, 0, 184, 0, 0, 0, 0, 0, 0, 0, 0, 12, 10, 206
"h:\inde\JakSurveillance\frontend\src\views\main\teacher\Courses\TeacherCourseDetail.tsx", "TypeScript JSX", 0, 0, 62, 0, 0, 0, 0, 0, 0, 0, 0, 9, 4, 75
"h:\inde\JakSurveillance\frontend\src\views\main\teacher\Courses\TeacherCourseModify.tsx", "TypeScript JSX", 0, 0, 229, 0, 0, 0, 0, 0, 0, 0, 0, 11, 22, 262
"h:\inde\JakSurveillance\frontend\src\views\main\teacher\Courses\TeacherCourseStats.tsx", "TypeScript JSX", 0, 0, 224, 0, 0, 0, 0, 0, 0, 0, 0, 29, 19, 272
"h:\inde\JakSurveillance\frontend\src\views\main\teacher\Courses\TeacherCourses.tsx", "TypeScript JSX", 0, 0, 107, 0, 0, 0, 0, 0, 0, 0, 0, 12, 7, 126
"h:\inde\JakSurveillance\frontend\src\views\main\teacher\Courses\TeacherCreateCourse.tsx", "TypeScript JSX", 0, 0, 25, 0, 0, 0, 0, 0, 0, 0, 0, 7, 4, 36
"h:\inde\JakSurveillance\frontend\src\views\main\teacher\Lectures\TeacherLectures.tsx", "TypeScript JSX", 0, 0, 177, 0, 0, 0, 0, 0, 0, 0, 0, 2, 11, 190
"h:\inde\JakSurveillance\frontend\src\views\main\teacher\Students\TeacherLateEnrollment.tsx", "TypeScript JSX", 0, 0, 10, 0, 0, 0, 0, 0, 0, 0, 0, 0, 3, 13
"h:\inde\JakSurveillance\frontend\src\views\main\teacher\Students\TeacherStudentAttendances.tsx", "TypeScript JSX", 0, 0, 169, 0, 0, 0, 0, 0, 0, 0, 0, 30, 17, 216
"h:\inde\JakSurveillance\frontend\src\views\main\teacher\Students\TeacherStudentDetail.tsx", "TypeScript JSX", 0, 0, 169, 0, 0, 0, 0, 0, 0, 0, 0, 26, 12, 207
"h:\inde\JakSurveillance\frontend\src\views\main\teacher\Students\TeacherStudentModify.tsx", "TypeScript JSX", 0, 0, 46, 0, 0, 0, 0, 0, 0, 0, 0, 14, 6, 66
"h:\inde\JakSurveillance\frontend\src\views\main\teacher\Students\TeacherStudentsView.tsx", "TypeScript JSX", 0, 0, 207, 0, 0, 0, 0, 0, 0, 0, 0, 19, 15, 241
"h:\inde\JakSurveillance\frontend\src\views\main\teacher\TeacherHelpVideos.tsx", "TypeScript JSX", 0, 0, 51, 0, 0, 0, 0, 0, 0, 0, 0, 5, 4, 60
"h:\inde\JakSurveillance\frontend\src\views\main\teacher\TeacherMainView.tsx", "TypeScript JSX", 0, 0, 110, 0, 0, 0, 0, 0, 0, 0, 0, 13, 7, 130
"h:\inde\JakSurveillance\frontend\src\views\main\teacher\TeacherProfile.tsx", "TypeScript JSX", 0, 0, 36, 0, 0, 0, 0, 0, 0, 0, 0, 6, 7, 49
"h:\inde\JakSurveillance\frontend\src\vite-env.d.ts", "TypeScript", 0, 0, 0, 0, 0, 0, 0, 0, 0, 0, 0, 1, 1, 2
"h:\inde\JakSurveillance\frontend\tailwind.config.js", "JavaScript", 0, 51, 0, 0, 0, 0, 0, 0, 0, 0, 0, 1, 3, 55
"h:\inde\JakSurveillance\frontend\tsconfig.json", "JSON", 0, 0, 0, 0, 0, 31, 0, 0, 0, 0, 0, 2, 1, 34
"h:\inde\JakSurveillance\frontend\tsconfig.node.json", "JSON", 0, 0, 0, 0, 0, 10, 0, 0, 0, 0, 0, 0, 1, 11
"h:\inde\JakSurveillance\frontend\typedoc.json", "JSON", 0, 0, 0, 0, 0, 17, 0, 0, 0, 0, 0, 0, 1, 18
"h:\inde\JakSurveillance\frontend\vite.config.ts", "TypeScript", 0, 0, 0, 0, 0, 0, 40, 0, 0, 0, 0, 16, 4, 60
"h:\inde\JakSurveillance\gitpull.ps1", "PowerShell", 0, 0, 0, 0, 13, 0, 0, 0, 0, 0, 0, 0, 0, 13
"h:\inde\JakSurveillance\package.json", "JSON", 0, 0, 0, 0, 0, 21, 0, 0, 0, 0, 0, 0, 1, 22
"h:\inde\JakSurveillance\packagesnapper.ps1", "PowerShell", 0, 0, 0, 0, 11, 0, 0, 0, 0, 0, 0, 21, 7, 39
"h:\inde\JakSurveillance\serversideconf\.prettierignore", "Ignore", 0, 0, 0, 0, 0, 0, 0, 0, 1, 0, 0, 0, 0, 1
"h:\inde\JakSurveillance\serversideconf\readme.md", "Markdown", 49, 0, 0, 0, 0, 0, 0, 0, 0, 0, 0, 0, 13, 62
"Total", "-", 183, 130, 11577, 37, 49, 274, 7196, 96, 1, 207, 53, 4186, 1649, 25638